{
    "mse": 0.7733562719517081,
    "r2": 0.22732090987329778
}